<?xml version="1.0" encoding="UTF-8"?>
<!DOCTYPE suite SYSTEM "https://testng.org/testng-1.0.dtd">
<suite name="Regression Suite" parallel ="tests">
	<parameter name="browser" value="chrome"></parameter>
	<parameter name="url" value="https://www.amazon.in"></parameter>
	 <parameter name="validUsername" value="sathyashakthi9@gmail.com"></parameter>
		<parameter name="validPassword" value="validpassword123"></parameter>
		<parameter name="invalidUsername" value="invalid-dan@gmail.com"></parameter>
		<parameter name="invalidPassword" value="invalid-test1234"></parameter>   
		
	<test thread-count="5" name="Testclass1">
		<classes>
			<class name="tests.BasicValidation_Testclass1"></class>
		</classes>
	</test>
	<test thread-count="5" name="Testclass2">
		<classes>
			<class name="tests.Navigation_Testclass2"></class>
		</classes>
	</test>
	<test thread-count="5" name="Testclass3">
		<classes>
			<class name="tests.LoginValidation_Testclass3"></class>
		</classes>
	</test>
	<test thread-count="5" name="Testclass3">
		<classes>
			<class name="tests.Search_Testclass4"></class>
		</classes>
	</test>
	
	
</suite> <!-- Regression Suite -->
